"0","library(tidyverse)  
"
"2","Registered S3 methods overwritten by 'dbplyr':
  method         from
  print.tbl_lazy     
  print.tbl_sql      
"
"2","Found more than one class ""atomicVector"" in cache; using the first, from namespace 'Matrix'
"
"2","Also defined by ‘Rmpfr’
"
"2","Found more than one class ""atomicVector"" in cache; using the first, from namespace 'Matrix'
"
"2","Also defined by ‘Rmpfr’
"
"2","Found more than one class ""atomicVector"" in cache; using the first, from namespace 'Matrix'
"
"2","Also defined by ‘Rmpfr’
"
"2","Found more than one class ""atomicVector"" in cache; using the first, from namespace 'Matrix'
"
"2","Also defined by ‘Rmpfr’
"
"2","Found more than one class ""atomicVector"" in cache; using the first, from namespace 'Matrix'
"
"2","Also defined by ‘Rmpfr’
"
"2","Found more than one class ""atomicVector"" in cache; using the first, from namespace 'Matrix'
"
"2","Also defined by ‘Rmpfr’
"
"2","Found more than one class ""atomicVector"" in cache; using the first, from namespace 'Matrix'
"
"2","Also defined by ‘Rmpfr’
"
"2","Found more than one class ""atomicVector"" in cache; using the first, from namespace 'Matrix'
"
"2","Also defined by ‘Rmpfr’
"
"2","Found more than one class ""atomicVector"" in cache; using the first, from namespace 'Matrix'
"
"2","Also defined by ‘Rmpfr’
"
"2","Found more than one class ""atomicVector"" in cache; using the first, from namespace 'Matrix'
"
"2","Also defined by ‘Rmpfr’
"
"2","Found more than one class ""atomicVector"" in cache; using the first, from namespace 'Matrix'
"
"2","Also defined by ‘Rmpfr’
"
"2","Found more than one class ""atomicVector"" in cache; using the first, from namespace 'Matrix'
"
"2","Also defined by ‘Rmpfr’
"
"2","[37m-- [1mAttaching packages[22m --------------------------------------------------------------------------------------------------------------------------------------------------- tidyverse 1.3.0 --[39m
"
"2","[37m[32mv[37m [34mtibble [37m 3.0.4     [32mv[37m [34mstringr[37m 1.4.0
[32mv[37m [34mpurrr  [37m 0.3.4     [32mv[37m [34mforcats[37m 0.5.0[39m
"
"2","[37m-- [1mConflicts[22m ------------------------------------------------------------------------------------------------------------------------------------------------------ tidyverse_conflicts() --
[31mx[37m [34mpsych[37m::[32m%+%()[37m    masks [34mggplot2[37m::%+%()
[31mx[37m [34mpsych[37m::[32malpha()[37m  masks [34mggplot2[37m::alpha()
[31mx[37m [34mdplyr[37m::[32mfilter()[37m masks [34mstats[37m::filter()
[31mx[37m [34mdplyr[37m::[32mlag()[37m    masks [34mstats[37m::lag()[39m
"
"0","library(corrr)"
